pps,syn_ratio,unique_ports,avg_len,arp_rate,uncommon_ratio,label
9.985864,0.0,0.0,54.0,0.0,0.0,0
7.648676,0.0,0.0,54.0,0.0,0.0,0
6.202746,0.0,0.0,54.0,0.0,0.0,0
6.221602,0.0,0.0,54.0,0.0,0.0,0
26.851774,0.0,0.0,54.0,0.0,0.0,1
53.978247,0.0,0.0,54.0,0.0,0.0,1
55.737201,0.0,0.0,54.0,0.0,0.0,1
54.40703,0.0,0.0,54.0,0.0,0.0,1
58.083236,0.0,0.0,54.0,0.0,0.0,1
52.368487,0.0,0.0,54.0,0.0,0.0,1
75.763017,0.0,0.0,42.0,0.0,0.0,0
71.242995,0.0,0.0,42.0,0.0,0.0,0
66.337408,0.0,0.0,42.0,0.0,0.0,0
64.634882,0.0,0.0,42.0,0.0,0.0,0
8.227826,0.0,0.0,54.0,0.0,0.0,0
7.775875,0.0,0.0,54.0,0.0,0.0,0
7.524201,0.0,0.0,54.0,0.0,0.0,0
5.431574,0.0,0.0,54.0,0.0,0.0,0
33.511117,0.0,0.0,54.0,0.0,0.0,1
58.058486,0.0,0.0,54.0,0.0,0.0,1
58.443786,0.0,0.0,54.0,0.0,0.0,1
53.953361,0.0,0.0,54.0,0.0,0.0,1
57.634704,0.0,0.0,54.0,0.0,0.0,1
54.435586,0.0,0.0,54.0,0.0,0.0,1
65.990915,0.0,0.0,42.0,0.0,0.0,0
71.07397,0.0,0.0,42.0,0.0,0.0,0
69.419295,0.0,0.0,42.0,0.0,0.0,0
74.55675,0.0,0.0,42.0,0.0,0.0,0
6.180926,0.0,0.0,54.0,0.0,0.0,0
6.52783,0.0,0.0,54.0,0.0,0.0,0
7.835717,0.0,0.0,54.0,0.0,0.0,0
4.613093,0.0,0.0,54.0,0.0,0.0,0
21.845695,0.0,0.0,54.0,0.0,0.0,1
57.212624,0.0,0.0,54.0,0.0,0.0,1
57.617052,0.0,0.0,54.0,0.0,0.0,1
54.579348,0.0,0.0,54.0,0.0,0.0,1
56.292002,0.0,0.0,54.0,0.0,0.0,1
61.364712,0.0,0.0,54.0,0.0,0.0,1
67.846878,0.0,0.0,42.0,0.0,0.0,0
67.162215,0.0,0.0,42.0,0.0,0.0,0
70.516295,0.0,0.0,42.0,0.0,0.0,0
61.393963,0.0,0.0,42.0,0.0,0.0,0
8.16563,0.0,0.0,54.0,0.0,0.0,0
8.181275,0.0,0.0,54.0,0.0,0.0,0
7.797663,0.0,0.0,54.0,0.0,0.0,0
5.539148,0.0,0.0,54.0,0.0,0.0,0
25.542753,0.0,0.0,54.0,0.0,0.0,1
56.171696,0.0,0.0,54.0,0.0,0.0,1
54.687118,0.0,0.0,54.0,0.0,0.0,1
57.794901,0.0,0.0,54.0,0.0,0.0,1
53.815214,0.0,0.0,64.634146,0.0,0.0,1
65.278752,0.0,0.0,54.0,0.0,0.0,1
71.256846,0.0,0.0,42.0,0.0,0.0,0
74.468938,0.0,0.0,42.0,0.0,0.0,0
63.685301,0.0,0.0,42.0,0.0,0.0,0
75.049651,0.0,0.0,42.0,0.0,0.0,0
